id,first_name,last_name,email
1,Micah,Ahrend,mahrend0@xrea.com
2,Jelene,Durrance,jdurrance1@foxnews.com
3,Filippa,Jeandet,fjeandet2@vk.com
4,Conny,Sirmon,csirmon3@google.de
5,Clarette,Lagde,clagde4@hexun.com
6,Dylan,Alliberton,dalliberton5@stanford.edu
7,Alyda,Renahan,arenahan6@hp.com
8,Eden,Pepye,epepye7@slate.com
9,Klemens,Etherington,ketherington8@ezinearticles.com
10,Edita,Linford,elinford9@cargocollective.com
11,Enrico,Dowd,edowda@blogtalkradio.com
12,Rae,Drakers,rdrakersb@sbwire.com
13,Kirstin,Dugall,kdugallc@thetimes.co.uk
14,Towney,Beininck,tbeininckd@jigsy.com
15,Maire,Forestel,mforestele@posterous.com
16,Jereme,Bayford,jbayfordf@tiny.cc
17,Janifer,Gange,jgangeg@networksolutions.com
18,Collette,Kinchlea,ckinchleah@theglobeandmail.com
19,Sydney,Ebbetts,sebbettsi@marketwatch.com
20,Haroun,Hollingsbee,hhollingsbeej@webnode.com
21,Antonio,Lievesley,alievesleyk@boston.com
22,Sherye,Fellman,sfellmanl@nih.gov
23,Lemmy,Checchi,lchecchim@webeden.co.uk
24,Kathie,Simkiss,ksimkissn@narod.ru
25,Olly,Trundler,otrundlero@odnoklassniki.ru
26,Modestia,Iacovozzo,miacovozzop@harvard.edu
27,Dmitri,York,dyorkq@slashdot.org
28,Connie,Andretti,candrettir@ovh.net
29,Tatiana,Looks,tlookss@free.fr
30,Katina,Waszkiewicz,kwaszkiewiczt@sciencedirect.com
31,Burty,Poyner,bpoyneru@cmu.edu
32,Onida,Punt,opuntv@hatena.ne.jp
33,Mayne,Beevor,mbeevorw@unesco.org
34,Zorah,Folli,zfollix@ocn.ne.jp
35,Alphonse,Layfield,alayfieldy@amazon.co.jp
36,Isak,Mattack,imattackz@ycombinator.com
37,Shawnee,Broad,sbroad10@japanpost.jp
38,Rich,Ralestone,rralestone11@whitehouse.gov
39,Gusty,Bassett,gbassett12@marriott.com
40,Leif,Peedell,lpeedell13@theguardian.com
41,Ranna,Malloch,rmalloch14@who.int
42,Sammie,Mongin,smongin15@acquirethisname.com
43,Jacquetta,Cranham,jcranham16@squidoo.com
44,Geoff,Wigglesworth,gwigglesworth17@bigcartel.com
45,Mariann,Yakubov,myakubov18@alibaba.com
46,Bone,Gainsboro,bgainsboro19@shop-pro.jp
47,Gradey,Gladding,ggladding1a@smugmug.com
48,Astrid,Durrad,adurrad1b@opensource.org
49,Renae,Slyvester,rslyvester1c@woothemes.com
50,Dede,Georger,dgeorger1d@icq.com
51,Templeton,Lorrie,tlorrie1e@lulu.com
52,Keefer,Crawforth,kcrawforth1f@barnesandnoble.com
53,Annadiane,Huntly,ahuntly1g@chronoengine.com
54,Hermie,Abbots,habbots1h@mail.ru
55,Conni,Signori,csignori1i@1und1.de
56,Delora,Kelshaw,dkelshaw1j@toplist.cz
57,Alida,Smidmor,asmidmor1k@rakuten.co.jp
58,Inglis,Robun,irobun1l@vinaora.com
59,Randal,Whelpdale,rwhelpdale1m@cpanel.net
60,Carleton,Hanigan,chanigan1n@123-reg.co.uk
61,Kristi,Mulcahy,kmulcahy1o@spiegel.de
62,Rina,Hinkes,rhinkes1p@msu.edu
63,Jenna,Weavers,jweavers1q@unblog.fr
64,Melissa,Aliman,maliman1r@elegantthemes.com
65,Selinda,Philbin,sphilbin1s@sfgate.com
66,Vin,Meace,vmeace1t@netvibes.com
67,Thelma,Zealander,tzealander1u@technorati.com
68,Jackson,Downage,jdownage1v@bloglovin.com
69,Bennie,Wanderschek,bwanderschek1w@shutterfly.com
70,Jolynn,Kippling,jkippling1x@sfgate.com
71,Lee,Arkil,larkil1y@bing.com
72,Angeli,Carlisso,acarlisso1z@uol.com.br
73,Elka,Lamke,elamke20@rakuten.co.jp
74,Lari,Neal,lneal21@spotify.com
75,Gill,Mariault,gmariault22@census.gov
76,Hana,Dowber,hdowber23@github.com
77,Friedrich,Woodhall,fwoodhall24@elegantthemes.com
78,Mill,Drayn,mdrayn25@exblog.jp
79,Jeanine,Gibbin,jgibbin26@google.fr
80,Dewain,Patey,dpatey27@vistaprint.com
81,Renaud,Scollan,rscollan28@about.com
82,Tara,Davage,tdavage29@google.com.au
83,Kay,Milbourn,kmilbourn2a@rambler.ru
84,Carmelita,Ogle,cogle2b@theglobeandmail.com
85,Idette,Pulver,ipulver2c@gmpg.org
86,Bernardina,Bille,bbille2d@cam.ac.uk
87,Cesare,Baumber,cbaumber2e@reverbnation.com
88,Liesa,Laite,llaite2f@prlog.org
89,Charmane,Yakunkin,cyakunkin2g@latimes.com
90,Jaquith,Thom,jthom2h@lycos.com
91,Halley,Liddle,hliddle2i@blogger.com
92,Gustavo,Overpool,goverpool2j@people.com.cn
93,Laverna,Holliar,lholliar2k@bbc.co.uk
94,Hynda,Falkous,hfalkous2l@cdc.gov
95,Jeniece,Syer,jsyer2m@salon.com
96,Hendrika,Swine,hswine2n@acquirethisname.com
97,Brianna,Pallas,bpallas2o@umich.edu
98,Karen,Kretchmer,kkretchmer2p@illinois.edu
99,Raynell,Portal,rportal2q@nps.gov
100,Veronica,East,veast2r@ning.com
101,Maridel,Suggitt,msuggitt2s@xinhuanet.com
102,Noak,Andor,nandor2t@npr.org
103,Bernelle,Kures,bkures2u@google.com.hk
104,Ethelin,Poat,epoat2v@dyndns.org
105,Violetta,Liston,vliston2w@google.com.hk
106,Meara,Pollington,mpollington2x@latimes.com
107,Bernarr,Kingshott,bkingshott2y@hao123.com
108,Dee,Streatfield,dstreatfield2z@craigslist.org
109,Beverlie,Crassweller,bcrassweller30@typepad.com
110,Abran,Beany,abeany31@army.mil
111,Chrotoem,Westoff,cwestoff32@cisco.com
112,Ivan,Clemens,iclemens33@tinyurl.com
113,Wells,Karlqvist,wkarlqvist34@chronoengine.com
114,Dare,Iredell,diredell35@google.com.hk
115,Bartel,Code,bcode36@whitehouse.gov
116,Nevil,Melton,nmelton37@desdev.cn
117,Rabbi,Paulsson,rpaulsson38@mtv.com
118,Dino,Coomes,dcoomes39@blog.com
119,Joannes,Mellmer,jmellmer3a@buzzfeed.com
120,Nevil,Blampied,nblampied3b@sbwire.com
121,Alvinia,Michal,amichal3c@cbsnews.com
122,Tan,Pardon,tpardon3d@csmonitor.com
123,Norry,Currin,ncurrin3e@w3.org
124,Christen,Roselli,croselli3f@quantcast.com
125,Charlot,Rakes,crakes3g@intel.com
126,Ranice,Haslock,rhaslock3h@goo.gl
127,Margaretha,Cuncarr,mcuncarr3i@mail.ru
128,Letti,Gorger,lgorger3j@phoca.cz
129,Gorden,Desporte,gdesporte3k@msn.com
130,Leticia,Ballingal,lballingal3l@hubpages.com
131,Othilia,Pashba,opashba3m@weebly.com
132,Rasia,Paye,rpaye3n@bluehost.com
133,Lexi,Prophet,lprophet3o@spotify.com
134,Flory,Hurche,fhurche3p@nationalgeographic.com
135,Gayel,Norheny,gnorheny3q@nasa.gov
136,Herminia,Teasdale-Markie,hteasdalemarkie3r@dailymail.co.uk
137,Babette,Michie,bmichie3s@hatena.ne.jp
138,Hendrik,Peaseman,hpeaseman3t@people.com.cn
139,Dylan,Prosh,dprosh3u@epa.gov
140,Viola,Shilstone,vshilstone3v@usa.gov
141,Estrellita,Helks,ehelks3w@jimdo.com
142,Mariel,Dun,mdun3x@jiathis.com
143,Humfried,Jiggins,hjiggins3y@wunderground.com
144,Katrinka,Quince,kquince3z@list-manage.com
145,Sonnie,Robilart,srobilart40@oracle.com
146,Gerty,Huddle,ghuddle41@webs.com
147,Aindrea,Boothe,aboothe42@dot.gov
148,Emelyne,Elstone,eelstone43@tiny.cc
149,Gauthier,Mein,gmein44@networksolutions.com
150,Breena,Trimming,btrimming45@huffingtonpost.com
151,Clementius,Jorcke,cjorcke46@intel.com
152,Virginie,Folbige,vfolbige47@boston.com
153,Cissiee,Kernell,ckernell48@yellowpages.com
154,Shelley,Betteridge,sbetteridge49@illinois.edu
155,Anthia,Griston,agriston4a@mail.ru
156,Rick,Gluyus,rgluyus4b@mac.com
157,Drugi,Faircloth,dfaircloth4c@fastcompany.com
158,Karlotte,Worham,kworham4d@unicef.org
159,Harman,Anand,hanand4e@amazonaws.com
160,Shayla,Frangleton,sfrangleton4f@parallels.com
161,Nanci,Hoogendorp,nhoogendorp4g@clickbank.net
162,Teddie,Gabriely,tgabriely4h@amazon.co.uk
163,Harry,Billyard,hbillyard4i@arizona.edu
164,Isacco,Dewberry,idewberry4j@vk.com
165,Stafani,Loffhead,sloffhead4k@abc.net.au
166,Sonny,Ulyat,sulyat4l@usatoday.com
167,Maddi,Legrice,mlegrice4m@acquirethisname.com
168,Dilly,Bony,dbony4n@bing.com
169,Donnie,Manass,dmanass4o@wunderground.com
170,Courtenay,Stoyle,cstoyle4p@nifty.com
171,Corly,Bullard,cbullard4q@apache.org
172,Corissa,Ricardon,cricardon4r@wikimedia.org
173,Ike,Montgomery,imontgomery4s@cnbc.com
174,Tanitansy,Morrow,tmorrow4t@google.co.uk
175,Abdel,Oloshin,aoloshin4u@youtube.com
176,Cherilynn,Kochl,ckochl4v@phpbb.com
177,Suzette,Blasoni,sblasoni4w@dot.gov
178,Vivyan,Bordone,vbordone4x@storify.com
179,Lavina,Alsford,lalsford4y@amazon.com
180,Milissent,Ashburner,mashburner4z@globo.com
181,Seymour,Stubbe,sstubbe50@tamu.edu
182,Vere,Broker,vbroker51@squidoo.com
183,Thekla,Kristof,tkristof52@nymag.com
184,Gertrud,Gonnelly,ggonnelly53@seattletimes.com
185,Noland,Haddy,nhaddy54@imgur.com
186,Pryce,Swindon,pswindon55@umn.edu
187,Horacio,Lucia,hlucia56@upenn.edu
188,Thorstein,Lubeck,tlubeck57@mapy.cz
189,Eldin,Drowsfield,edrowsfield58@domainmarket.com
190,Gaultiero,Faccini,gfaccini59@drupal.org
191,Clyve,Murcott,cmurcott5a@free.fr
192,Gisela,Cockshott,gcockshott5b@cbslocal.com
193,Felicia,MacAulay,fmacaulay5c@bbb.org
194,Otha,Cullin,ocullin5d@buzzfeed.com
195,Marylynne,Beveridge,mbeveridge5e@squarespace.com
196,Holden,Romayn,hromayn5f@facebook.com
197,Baryram,Brandassi,bbrandassi5g@seattletimes.com
198,Durward,Glynne,dglynne5h@bigcartel.com
199,Eunice,Gagen,egagen5i@stumbleupon.com
200,Renell,Hasloch,rhasloch5j@ftc.gov
201,Lynnea,Stolberg,lstolberg5k@pcworld.com
202,Rosemary,Wicher,rwicher5l@pen.io
203,Shaine,Curee,scuree5m@i2i.jp
204,Isabelle,Amor,iamor5n@behance.net
205,Felicle,Gammell,fgammell5o@google.pl
206,Kerry,Morsley,kmorsley5p@apple.com
207,Del,Northgraves,dnorthgraves5q@nps.gov
208,Delmor,Gooddy,dgooddy5r@globo.com
209,Colly,Reford,creford5s@google.com.br
210,Isaak,Osgar,iosgar5t@netlog.com
211,Paul,Quainton,pquainton5u@ameblo.jp
212,Stacee,Gianotti,sgianotti5v@wufoo.com
213,Christoph,Le Barr,clebarr5w@miitbeian.gov.cn
214,Russ,Jouannin,rjouannin5x@wp.com
215,Celestina,de Banke,cdebanke5y@microsoft.com
216,Louisette,Visick,lvisick5z@sbwire.com
217,Ryley,Fairbairn,rfairbairn60@geocities.com
218,Ellynn,Thody,ethody61@statcounter.com
219,Sergeant,Gewer,sgewer62@bing.com
220,Rockey,Hanssmann,rhanssmann63@i2i.jp
221,Cyndia,Hartshorne,chartshorne64@nifty.com
222,Willette,Ebbles,webbles65@slideshare.net
223,Elwood,Woolgar,ewoolgar66@t.co
224,Halie,Antham,hantham67@berkeley.edu
225,Ethelind,Giamitti,egiamitti68@springer.com
226,Liuka,Sanger,lsanger69@unicef.org
227,Dagmar,Clohissy,dclohissy6a@netscape.com
228,Rhys,Bollam,rbollam6b@nsw.gov.au
229,Harlin,Twyford,htwyford6c@devhub.com
230,Beth,Forrestor,bforrestor6d@ovh.net
231,Arabella,Iwaszkiewicz,aiwaszkiewicz6e@qq.com
232,Seana,Rudsdell,srudsdell6f@bloglovin.com
233,Jeannie,Algeo,jalgeo6g@cpanel.net
234,Christoffer,Buckley,cbuckley6h@china.com.cn
235,Marcus,Mountain,mmountain6i@ft.com
236,Wilbert,Edel,wedel6j@amazon.de
237,Kris,Iceton,kiceton6k@statcounter.com
238,Cary,Wilbraham,cwilbraham6l@oaic.gov.au
239,Roxine,Widdall,rwiddall6m@miitbeian.gov.cn
240,Elle,Avon,eavon6n@google.com
241,Kaela,Davidove,kdavidove6o@economist.com
242,Farica,Massei,fmassei6p@google.nl
243,Luz,Kempston,lkempston6q@domainmarket.com
244,Skylar,Dearn,sdearn6r@vinaora.com
245,Laurene,Everly,leverly6s@abc.net.au
246,Colin,Cleveley,ccleveley6t@archive.org
247,Mandel,Getley,mgetley6u@ucla.edu
248,Marie,Pinard,mpinard6v@nationalgeographic.com
249,Karlyn,Dounbare,kdounbare6w@google.pl
250,Jewelle,Bossom,jbossom6x@boston.com
251,Jacob,Kidney,jkidney6y@discovery.com
252,Rhona,Simonini,rsimonini6z@nationalgeographic.com
253,Alfonse,Geane,ageane70@trellian.com
254,Carree,Benge,cbenge71@upenn.edu
255,Kathleen,Ditty,kditty72@live.com
256,Lynett,Matityahu,lmatityahu73@disqus.com
257,Oren,Hoxey,ohoxey74@ocn.ne.jp
258,Baryram,Thorndale,bthorndale75@shop-pro.jp
259,Jan,Pre,jpre76@wordpress.org
260,Tudor,Kleinpeltz,tkleinpeltz77@time.com
261,Ben,Aldersea,baldersea78@home.pl
262,Darelle,Rumbold,drumbold79@lulu.com
263,Bernita,Drains,bdrains7a@examiner.com
264,Ilse,cornhill,icornhill7b@hatena.ne.jp
265,Lauritz,Di Filippo,ldifilippo7c@squarespace.com
266,Phylis,Stode,pstode7d@google.es
267,Danya,Ravenscroftt,dravenscroftt7e@youtu.be
268,Roth,Taylot,rtaylot7f@soundcloud.com
269,Rebe,Harte,rharte7g@cornell.edu
270,Lindsey,Kwiek,lkwiek7h@linkedin.com
271,Ebeneser,Maccaig,emaccaig7i@google.pl
272,Henry,Wesley,hwesley7j@amazon.co.uk
273,Jocko,Ricciardiello,jricciardiello7k@plala.or.jp
274,Nancee,Kynvin,nkynvin7l@vk.com
275,Carlye,Kmicicki,ckmicicki7m@princeton.edu
276,Dela,Woolens,dwoolens7n@posterous.com
277,Poul,Tenbrug,ptenbrug7o@businessinsider.com
278,Giulietta,Riley,griley7p@mediafire.com
279,Jolyn,Offill,joffill7q@google.fr
280,Cesaro,Chaplin,cchaplin7r@goodreads.com
281,Lemar,Goldstein,lgoldstein7s@bizjournals.com
282,Rosalia,Jepson,rjepson7t@ameblo.jp
283,Lisle,Sackett,lsackett7u@columbia.edu
284,Ofelia,Batrop,obatrop7v@google.ca
285,Clarette,Garthshore,cgarthshore7w@yolasite.com
286,Sarina,Jailler,sjailler7x@businessweek.com
287,Andrey,Mighele,amighele7y@cbc.ca
288,Stephana,Clyma,sclyma7z@boston.com
289,Judith,Peiro,jpeiro80@epa.gov
290,Kathye,Solon,ksolon81@yellowpages.com
291,Nicoli,Hanfrey,nhanfrey82@blog.com
292,Gill,Reasun,greasun83@chronoengine.com
293,Dale,Meigh,dmeigh84@yellowbook.com
294,Esther,Buxcey,ebuxcey85@nasa.gov
295,Marlon,Collard,mcollard86@businesswire.com
296,Siusan,Dreghorn,sdreghorn87@storify.com
297,Bonny,Ortells,bortells88@wikimedia.org
298,Natividad,Olivera,nolivera89@amazon.co.jp
299,Timmy,Lorraine,tlorraine8a@wikipedia.org
300,D'arcy,Barnicott,dbarnicott8b@omniture.com
301,Mimi,Shields,mshields8c@xing.com
302,Ralina,Brownill,rbrownill8d@furl.net
303,Ruperto,Berkley,rberkley8e@alibaba.com
304,Chane,Parsall,cparsall8f@house.gov
305,Kass,Bridges,kbridges8g@dailymail.co.uk
306,Ree,Sudlow,rsudlow8h@a8.net
307,Elbert,Stedell,estedell8i@phoca.cz
308,Anselm,Stitfall,astitfall8j@360.cn
309,Olivia,Matzkaitis,omatzkaitis8k@friendfeed.com
310,Catie,L'Hommeau,clhommeau8l@fastcompany.com
311,Barde,Ostridge,bostridge8m@posterous.com
312,Renard,Dunkerley,rdunkerley8n@parallels.com
313,Melany,Julyan,mjulyan8o@networksolutions.com
314,Cointon,Cater,ccater8p@usa.gov
315,Morgan,Doers,mdoers8q@phpbb.com
316,Kellsie,Danilchenko,kdanilchenko8r@a8.net
317,Glenna,Penella,gpenella8s@friendfeed.com
318,Ashlan,Brosini,abrosini8t@hexun.com
319,Izzy,Masi,imasi8u@toplist.cz
320,Aubrette,Dommerque,adommerque8v@51.la
321,Junina,Swindall,jswindall8w@odnoklassniki.ru
322,Darbie,Bosch,dbosch8x@msu.edu
323,Lorant,Beament,lbeament8y@un.org
324,Lind,Kippen,lkippen8z@skype.com
325,Johnette,Bushell,jbushell90@ftc.gov
326,Keeley,Blanket,kblanket91@accuweather.com
327,Hyacintha,Wellum,hwellum92@dion.ne.jp
328,Jenda,Palatino,jpalatino93@com.com
329,Conrado,Lessmare,clessmare94@adobe.com
330,Elfrida,Denerley,edenerley95@businesswire.com
331,Martica,Mayer,mmayer96@mapy.cz
332,Midge,Iacovo,miacovo97@hexun.com
333,Onfre,Hedin,ohedin98@miitbeian.gov.cn
334,Darn,Gathercoal,dgathercoal99@spotify.com
335,Lark,Stanyer,lstanyer9a@japanpost.jp
336,Jedediah,Brewitt,jbrewitt9b@oakley.com
337,Rex,Richford,rrichford9c@spiegel.de
338,Bartie,Keetley,bkeetley9d@ocn.ne.jp
339,Letizia,Chilvers,lchilvers9e@netscape.com
340,Jonie,Orhtmann,jorhtmann9f@spiegel.de
341,Georgeta,Dalgarno,gdalgarno9g@utexas.edu
342,Matty,Guiett,mguiett9h@yelp.com
343,Dudley,Palatini,dpalatini9i@wired.com
344,Kelwin,Gemson,kgemson9j@deviantart.com
345,Donnell,Dedney,ddedney9k@stumbleupon.com
346,Gorden,Didball,gdidball9l@imgur.com
347,Maynard,Kieran,mkieran9m@lycos.com
348,Urbano,Mariotte,umariotte9n@engadget.com
349,Floyd,Haking,fhaking9o@imageshack.us
350,Adriaens,Jacson,ajacson9p@bbb.org
351,Lacy,Velasquez,lvelasquez9q@barnesandnoble.com
352,Desmond,Bedding,dbedding9r@reference.com
353,Charmion,Allport,callport9s@columbia.edu
354,Ange,Geeritz,ageeritz9t@shareasale.com
355,Arielle,Corzon,acorzon9u@newyorker.com
356,Mercedes,Quimby,mquimby9v@hibu.com
357,Tove,Simco,tsimco9w@eepurl.com
358,Marv,Petford,mpetford9x@github.io
359,Gwenora,Dace,gdace9y@plala.or.jp
360,Aurthur,De Malchar,ademalchar9z@illinois.edu
361,Stormy,MacClinton,smacclintona0@toplist.cz
362,Marlie,Benjafield,mbenjafielda1@telegraph.co.uk
363,Allyn,Simacek,asimaceka2@a8.net
364,Alvin,Shrimpton,ashrimptona3@ftc.gov
365,Marlow,Yaus,myausa4@flavors.me
366,Major,Hymor,mhymora5@msn.com
367,Lucy,Sterrie,lsterriea6@blogtalkradio.com
368,Stafani,Freathy,sfreathya7@bloglovin.com
369,Saidee,De la Yglesia,sdelayglesiaa8@spotify.com
370,Lanna,Veltmann,lveltmanna9@oracle.com
371,Brent,Castaner,bcastaneraa@deliciousdays.com
372,Christabel,Frear,cfrearab@google.co.jp
373,Emery,Dudleston,edudlestonac@yahoo.com
374,De witt,Daymond,ddaymondad@dion.ne.jp
375,Cornela,Digle,cdigleae@answers.com
376,Tedmund,Keatch,tkeatchaf@statcounter.com
377,Lennard,Ranking,lrankingag@columbia.edu
378,Akim,Worgan,aworganah@acquirethisname.com
379,Pen,Buick,pbuickai@bbc.co.uk
380,Emelda,MacAnespie,emacanespieaj@soup.io
381,Barnie,Pownall,bpownallak@kickstarter.com
382,Jerry,Pendlenton,jpendlentonal@fotki.com
383,Whit,Kingsly,wkingslyam@netlog.com
384,Wayne,Bodle,wbodlean@booking.com
385,Lovell,Jertz,ljertzao@japanpost.jp
386,Sandro,Patis,spatisap@stumbleupon.com
387,Lyndy,Etock,letockaq@photobucket.com
388,Emmey,Tilford,etilfordar@answers.com
389,Carlina,Kerridge,ckerridgeas@gmpg.org
390,Rafferty,McGurgan,rmcgurganat@hexun.com
391,Rene,Lewsy,rlewsyau@twitter.com
392,Garland,Tuckett,gtuckettav@fotki.com
393,Linette,Byron,lbyronaw@admin.ch
394,Hobey,Fratczak,hfratczakax@columbia.edu
395,Berna,Woodfield,bwoodfielday@cornell.edu
396,Ashil,Gatlin,agatlinaz@dailymotion.com
397,Tommie,Sturt,tsturtb0@nasa.gov
398,Sig,Redd,sreddb1@rakuten.co.jp
399,Carlos,Dymidowski,cdymidowskib2@howstuffworks.com
400,Evyn,Kloska,ekloskab3@g.co
401,Maxie,Endean,mendeanb4@vistaprint.com
402,Eirena,Mowbury,emowburyb5@nifty.com
403,Stace,Ovise,soviseb6@mozilla.org
404,Hercule,Batalini,hbatalinib7@sfgate.com
405,Afton,Varfolomeev,avarfolomeevb8@cbc.ca
406,Louie,Pittendreigh,lpittendreighb9@cnbc.com
407,Flossy,Rookes,frookesba@a8.net
408,Louisette,Edis,ledisbb@epa.gov
409,Merle,Waddam,mwaddambc@eventbrite.com
410,Felice,Figge,ffiggebd@elegantthemes.com
411,Jerri,Fryd,jfrydbe@illinois.edu
412,Brear,Lotze,blotzebf@mozilla.org
413,Andrei,Kitter,akitterbg@comcast.net
414,Alan,Spurden,aspurdenbh@msu.edu
415,Delcine,Brimacombe,dbrimacombebi@is.gd
416,Neils,Sambedge,nsambedgebj@creativecommons.org
417,Giuseppe,Guido,gguidobk@friendfeed.com
418,Aldous,Hulburt,ahulburtbl@elegantthemes.com
419,Zacherie,Gilman,zgilmanbm@va.gov
420,Jobi,Najara,jnajarabn@twitpic.com
421,Grayce,Gianullo,ggianullobo@mit.edu
422,Sherri,Ingrey,singreybp@wix.com
423,Reeva,Welfare,rwelfarebq@netscape.com
424,Glenn,Grabeham,ggrabehambr@sogou.com
425,Niel,Bourtoumieux,nbourtoumieuxbs@123-reg.co.uk
426,Armstrong,Karpol,akarpolbt@answers.com
427,Lacy,Hebbs,lhebbsbu@symantec.com
428,Merrilee,Ravilious,mraviliousbv@aol.com
429,Deina,Vigars,dvigarsbw@symantec.com
430,Deena,Bittlestone,dbittlestonebx@twitter.com
431,Maisey,Dimnage,mdimnageby@google.pl
432,Jeniffer,Balharry,jbalharrybz@livejournal.com
433,Cassy,Kirman,ckirmanc0@google.com.hk
434,Kennith,Dibbe,kdibbec1@live.com
435,Bogart,Dedam,bdedamc2@sbwire.com
436,Lanny,Beatens,lbeatensc3@arstechnica.com
437,Baxter,Pretor,bpretorc4@army.mil
438,Quint,Yesichev,qyesichevc5@geocities.jp
439,Joseph,Dockree,jdockreec6@pagesperso-orange.fr
440,Vivienne,Tilson,vtilsonc7@ox.ac.uk
441,Joya,Slyman,jslymanc8@indiatimes.com
442,Romona,Snedden,rsneddenc9@nsw.gov.au
443,Esther,Briar,ebriarca@mapy.cz
444,Arliene,Heball,aheballcb@biblegateway.com
445,Nicolis,Roskelly,nroskellycc@wufoo.com
446,Christos,Eckhard,ceckhardcd@sphinn.com
447,Lorens,Kobes,lkobesce@lulu.com
448,Lela,Gair,lgaircf@miitbeian.gov.cn
449,Ciel,Peak,cpeakcg@is.gd
450,Loni,Chipping,lchippingch@si.edu
451,Hinda,Whylie,hwhylieci@pagesperso-orange.fr
452,Terza,Creaney,tcreaneycj@twitter.com
453,Kimberley,Joust,kjoustck@yellowpages.com
454,Katalin,Kiddell,kkiddellcl@pen.io
455,Gail,Abbatini,gabbatinicm@google.co.jp
456,Thekla,McQuillin,tmcquillincn@yellowbook.com
457,Gaelan,Verrick,gverrickco@independent.co.uk
458,Bryce,Fidler,bfidlercp@fc2.com
459,Brock,Alcott,balcottcq@jugem.jp
460,Win,Rowlstone,wrowlstonecr@indiatimes.com
461,Etti,Harefoot,eharefootcs@archive.org
462,Domingo,Ortmann,dortmannct@imageshack.us
463,Wendy,Gillanders,wgillanderscu@bigcartel.com
464,Kent,Hedworth,khedworthcv@blinklist.com
465,Herman,Jannequin,hjannequincw@yelp.com
466,Willem,Copestake,wcopestakecx@tiny.cc
467,Isa,Elliker,iellikercy@wikispaces.com
468,Kennedy,Fugere,kfugerecz@github.io
469,Daria,Andriessen,dandriessend0@google.pl
470,Emelen,Pershouse,epershoused1@ox.ac.uk
471,Fanny,O'Hederscoll,fohederscolld2@bravesites.com
472,Alane,Bradneck,abradneckd3@hibu.com
473,Vick,Boame,vboamed4@mtv.com
474,Kassandra,Hurdedge,khurdedged5@reddit.com
475,Nick,Druett,ndruettd6@mlb.com
476,Melany,Standell,mstandelld7@xrea.com
477,Brendin,Deehan,bdeehand8@surveymonkey.com
478,Kit,Marfe,kmarfed9@purevolume.com
479,Myrle,Meere,mmeereda@51.la
480,Gennie,Carpe,gcarpedb@addtoany.com
481,Dory,Kruger,dkrugerdc@seesaa.net
482,Marlee,Murricanes,mmurricanesdd@skype.com
483,Eberto,Romagosa,eromagosade@phpbb.com
484,Sherilyn,Skule,sskuledf@google.pl
485,Frannie,Crocetti,fcrocettidg@scientificamerican.com
486,Craggy,Beven,cbevendh@aboutads.info
487,Cyb,Ganning,cganningdi@php.net
488,Wally,Olivas,wolivasdj@thetimes.co.uk
489,Redford,Isbell,risbelldk@rediff.com
490,Anetta,Dundridge,adundridgedl@nifty.com
491,Cristal,O' Finan,cofinandm@privacy.gov.au
492,Eugen,Maxworthy,emaxworthydn@delicious.com
493,Lemuel,Godsal,lgodsaldo@cam.ac.uk
494,Alysia,Moxley,amoxleydp@discuz.net
495,Dee,Broadnicke,dbroadnickedq@instagram.com
496,Davidde,Saltrese,dsaltresedr@berkeley.edu
497,Merissa,Heikkinen,mheikkinends@prnewswire.com
498,Chickie,Creer,ccreerdt@opera.com
499,Clementine,Manie,cmaniedu@facebook.com
500,Natividad,McKennan,nmckennandv@flickr.com
501,Dodi,Vockings,dvockingsdw@eventbrite.com
502,Cass,Gregoletti,cgregolettidx@etsy.com
503,Sheila,Thrussell,sthrusselldy@usnews.com
504,Stella,Bish,sbishdz@php.net
505,Claudianus,Guerner,cguernere0@msn.com
506,Nomi,Francino,nfrancinoe1@tinypic.com
507,Melisent,Antonutti,mantonuttie2@twitter.com
508,Walther,Filshin,wfilshine3@indiatimes.com
509,Jo ann,Cluett,jcluette4@nyu.edu
510,Essy,Clayton,eclaytone5@mysql.com
511,Hamil,Sharpous,hsharpouse6@live.com
512,Jeth,Gratton,jgrattone7@japanpost.jp
513,Chlo,Dake,cdakee8@unc.edu
514,Antony,Harvatt,aharvatte9@independent.co.uk
515,Torrin,Corneille,tcorneilleea@seattletimes.com
516,Alonzo,Allnutt,aallnutteb@paypal.com
517,Lucais,Brunet,lbrunetec@ucla.edu
518,Fergus,Schiementz,fschiementzed@merriam-webster.com
519,Ricca,Alekseev,ralekseevee@seesaa.net
520,Clair,Wallace,cwallaceef@geocities.com
521,Patrick,Hatt,phatteg@elpais.com
522,Gregg,Cicconetti,gcicconettieh@simplemachines.org
523,Durand,Neno,dnenoei@google.fr
524,Kara,Jockle,kjockleej@de.vu
525,Kimberlyn,Newark,knewarkek@bbb.org
526,Justis,MacDowal,jmacdowalel@newsvine.com
527,Torry,Gounin,tgouninem@auda.org.au
528,Laney,Gooden,lgoodenen@usda.gov
529,Ermanno,Shanklin,eshanklineo@chronoengine.com
530,Pedro,Kuhle,pkuhleep@list-manage.com
531,Toiboid,Scrivinor,tscrivinoreq@uol.com.br
532,Pauli,Estrella,pestrellaer@cbc.ca
533,Reid,Keveren,rkeverenes@mayoclinic.com
534,Gabie,Bannard,gbannardet@gov.uk
535,Carolynn,Wellstead,cwellsteadeu@delicious.com
536,Kevyn,McGarrie,kmcgarrieev@wordpress.com
537,Jill,Aleixo,jaleixoew@google.ca
538,Jania,Chantillon,jchantillonex@un.org
539,Sheppard,Emanson,semansoney@t.co
540,Jehanna,Slyvester,jslyvesterez@pcworld.com
541,Dana,Lathbury,dlathburyf0@reuters.com
542,Florina,Le Hucquet,flehucquetf1@ibm.com
543,Idell,Rown,irownf2@bloomberg.com
544,Ham,Frosdick,hfrosdickf3@bbc.co.uk
545,Jillayne,Maro,jmarof4@gizmodo.com
546,Dewey,Scargill,dscargillf5@jigsy.com
547,Stesha,Shipston,sshipstonf6@blogtalkradio.com
548,Olia,Eakle,oeaklef7@oracle.com
549,Sterling,Trosdall,strosdallf8@nhs.uk
550,Chrissy,Magnar,cmagnarf9@nyu.edu
551,Brear,Baumadier,bbaumadierfa@people.com.cn
552,Hyacinthie,Allbon,hallbonfb@sourceforge.net
553,Martainn,Clurow,mclurowfc@theguardian.com
554,Lari,Fairy,lfairyfd@hugedomains.com
555,Olly,Stendall,ostendallfe@com.com
556,Nicko,Capelen,ncapelenff@trellian.com
557,Filide,Kingstne,fkingstnefg@so-net.ne.jp
558,Nicholle,Knight,nknightfh@reddit.com
559,Michail,Ackers,mackersfi@parallels.com
560,Lewie,Fransewich,lfransewichfj@live.com
561,Ancell,Sieghart,asieghartfk@elpais.com
562,Kaia,Carletti,kcarlettifl@army.mil
563,Audi,Dursley,adursleyfm@icio.us
564,Rorie,Farnin,rfarninfn@friendfeed.com
565,Velvet,Cordeux,vcordeuxfo@ehow.com
566,Thibaut,Kik,tkikfp@hibu.com
567,Corena,Beirne,cbeirnefq@nba.com
568,Roze,Swinley,rswinleyfr@theglobeandmail.com
569,Shanie,Evreux,sevreuxfs@washingtonpost.com
570,Ulrike,Edmeads,uedmeadsft@princeton.edu
571,Edy,Robet,erobetfu@hexun.com
572,Clement,Di Nisco,cdiniscofv@google.pl
573,Mara,Elsegood,melsegoodfw@chronoengine.com
574,Benyamin,Crickmer,bcrickmerfx@businessweek.com
575,Douglas,Biaggelli,dbiaggellify@mozilla.com
576,Fred,Bastin,fbastinfz@xinhuanet.com
577,Ichabod,Garric,igarricg0@buzzfeed.com
578,Mikkel,Cropton,mcroptong1@tinypic.com
579,Symon,Brachell,sbrachellg2@wikia.com
580,Bethany,Beacroft,bbeacroftg3@timesonline.co.uk
581,Riva,Flaxman,rflaxmang4@theglobeandmail.com
582,Christal,Edwin,cedwing5@sohu.com
583,Analiese,Boater,aboaterg6@bigcartel.com
584,Cart,Ducker,cduckerg7@mit.edu
585,Marcy,Terzo,mterzog8@cmu.edu
586,Lock,O'Noland,lonolandg9@mail.ru
587,Tildi,Redihough,tredihoughga@163.com
588,Nickolas,Bedminster,nbedminstergb@cpanel.net
589,Demetrius,Ogus,dogusgc@unicef.org
590,Hildegaard,Daniel,hdanielgd@nih.gov
591,Jodi,Byass,jbyassge@topsy.com
592,Rubie,Carroll,rcarrollgf@gizmodo.com
593,Mercedes,Roote,mrootegg@reddit.com
594,Brant,Sandercock,bsandercockgh@businesswire.com
595,Nikita,Roset,nrosetgi@thetimes.co.uk
596,Reynold,Durbyn,rdurbyngj@github.com
597,Nadine,Woolger,nwoolgergk@godaddy.com
598,Elbertine,McQuorkell,emcquorkellgl@examiner.com
599,Mateo,Hebditch,mhebditchgm@ted.com
600,Thorvald,Thorald,tthoraldgn@illinois.edu
601,Maryanna,Bryer,mbryergo@google.com.hk
602,Rebecca,Olek,rolekgp@123-reg.co.uk
603,Robbie,Webben,rwebbengq@mlb.com
604,Aguste,Bothwell,abothwellgr@posterous.com
605,Clarance,Lugsdin,clugsdings@bigcartel.com
606,Barbee,McNickle,bmcnicklegt@webeden.co.uk
607,Reed,Edgeson,redgesongu@hugedomains.com
608,Dagmar,Riolfo,driolfogv@histats.com
609,Vidovic,Lyall,vlyallgw@live.com
610,Milicent,Hounsham,mhounshamgx@google.ru
611,Teriann,Bohills,tbohillsgy@booking.com
612,Valle,Huleatt,vhuleattgz@bloomberg.com
613,Gerry,Dilleston,gdillestonh0@cbc.ca
614,Gayleen,Cankett,gcanketth1@cargocollective.com
615,Neila,Hunter,nhunterh2@google.co.jp
616,Paula,Lammers,plammersh3@networksolutions.com
617,Clerc,Gaucher,cgaucherh4@sina.com.cn
618,Elvina,Sollon,esollonh5@tumblr.com
619,Darbee,Hagan,dhaganh6@earthlink.net
620,Goldi,Dollman,gdollmanh7@google.it
621,Barrie,Brett,bbretth8@miibeian.gov.cn
622,Ricky,Brewerton,rbrewertonh9@paypal.com
623,Vin,Wheater,vwheaterha@virginia.edu
624,Lettie,Southerell,lsoutherellhb@oaic.gov.au
625,Bentley,Millier,bmillierhc@unblog.fr
626,Claiborn,Gilcriest,cgilcriesthd@rakuten.co.jp
627,Emmerich,Campes,ecampeshe@forbes.com
628,Rob,Novis,rnovishf@fotki.com
629,Renate,Rayment,rraymenthg@cdbaby.com
630,Manolo,Casiroli,mcasirolihh@ameblo.jp
631,Gerick,Dorman,gdormanhi@miitbeian.gov.cn
632,Laurens,Gert,lgerthj@studiopress.com
633,Ollie,McIlwraith,omcilwraithhk@bigcartel.com
634,Daryl,MacShane,dmacshanehl@wikia.com
635,Laurella,Birchenough,lbirchenoughhm@cloudflare.com
636,Alessandro,Di Roberto,adirobertohn@nasa.gov
637,Eliot,Fitchett,efitchettho@freewebs.com
638,Benedicta,Philson,bphilsonhp@earthlink.net
639,Brigham,Chatelet,bchatelethq@blogs.com
640,Celina,Deely,cdeelyhr@reuters.com
641,Luke,Mc Gaughey,lmcgaugheyhs@imageshack.us
642,Jakob,Bartomeu,jbartomeuht@linkedin.com
643,Marie-ann,Hulcoop,mhulcoophu@ameblo.jp
644,Adina,Lackner,alacknerhv@vinaora.com
645,Leela,Steere,lsteerehw@deviantart.com
646,Aundrea,Beadon,abeadonhx@gizmodo.com
647,Jaclin,Ell,jellhy@bloomberg.com
648,Charlie,Dick,cdickhz@mayoclinic.com
649,Jan,Casol,jcasoli0@adobe.com
650,Siegfried,Maryet,smaryeti1@hhs.gov
651,Aura,Schober,aschoberi2@admin.ch
652,Albertina,Perillio,aperillioi3@netscape.com
653,Darlene,Drew,ddrewi4@un.org
654,Dorey,Varnam,dvarnami5@is.gd
655,Cassaundra,Fawks,cfawksi6@skyrock.com
656,Morgan,Lobb,mlobbi7@gravatar.com
657,Pauly,Edwin,pedwini8@altervista.org
658,Ophelia,Inold,oinoldi9@nps.gov
659,Theo,Elie,telieia@netlog.com
660,Jilli,Eilert,jeilertib@feedburner.com
661,Bevan,Prowting,bprowtingic@fda.gov
662,Remington,Barwood,rbarwoodid@biglobe.ne.jp
663,Erskine,Cardenoso,ecardenosoie@reference.com
664,Lindon,Teas,lteasif@comcast.net
665,Tod,De Carteret,tdecarteretig@jiathis.com
666,Jacky,Orange,jorangeih@nbcnews.com
667,Caralie,Ochterlony,cochterlonyii@vistaprint.com
668,Reidar,Thow,rthowij@cargocollective.com
669,Elton,Masser,emasserik@ted.com
670,Evaleen,Batchelar,ebatchelaril@cyberchimps.com
671,Lorie,Pusey,lpuseyim@redcross.org
672,Aleen,Grayshon,agrayshonin@harvard.edu
673,Brock,Meiklem,bmeiklemio@google.ca
674,Andrea,Haycraft,ahaycraftip@pinterest.com
675,Judd,Robb,jrobbiq@dell.com
676,Adler,Yukhin,ayukhinir@telegraph.co.uk
677,Cly,Musson,cmussonis@google.nl
678,Wolfie,Jonk,wjonkit@columbia.edu
679,Sharla,Normanville,snormanvilleiu@themeforest.net
680,Glenda,Morrissey,gmorrisseyiv@discovery.com
681,Alford,Lowthorpe,alowthorpeiw@lycos.com
682,Evy,Bissiker,ebissikerix@marketwatch.com
683,Pauly,Lowry,plowryiy@engadget.com
684,Alysa,Kingscote,akingscoteiz@cyberchimps.com
685,Karrah,Croydon,kcroydonj0@opera.com
686,Gwenore,Head,gheadj1@nbcnews.com
687,Shoshanna,Anglin,sanglinj2@yahoo.co.jp
688,Jazmin,Load,jloadj3@storify.com
689,Burty,Mallabon,bmallabonj4@cisco.com
690,Leonelle,Varker,lvarkerj5@gnu.org
691,Clarinda,Mathwin,cmathwinj6@sohu.com
692,Peterus,Boss,pbossj7@spotify.com
693,Janka,Hewertson,jhewertsonj8@howstuffworks.com
694,Heddi,Grishechkin,hgrishechkinj9@webnode.com
695,Mariette,Risdall,mrisdallja@washington.edu
696,Wynn,Briars,wbriarsjb@who.int
697,Wilone,McMakin,wmcmakinjc@vk.com
698,Reece,Skeggs,rskeggsjd@shareasale.com
699,Otho,Dowtry,odowtryje@cyberchimps.com
700,Cassy,Dickon,cdickonjf@apache.org
701,Stephanie,Shaplin,sshaplinjg@accuweather.com
702,Dewie,Doudney,ddoudneyjh@typepad.com
703,Hadleigh,Sysland,hsyslandji@nps.gov
704,Lesly,Hackinge,lhackingejj@sfgate.com
705,Elsi,Cornell,ecornelljk@ocn.ne.jp
706,Burt,Wolfinger,bwolfingerjl@howstuffworks.com
707,Rora,Fearn,rfearnjm@alibaba.com
708,Sim,Lebreton,slebretonjn@house.gov
709,Grata,Timby,gtimbyjo@army.mil
710,Nikki,Haire,nhairejp@google.ru
711,Corenda,Guierre,cguierrejq@paypal.com
712,Harli,Philpin,hphilpinjr@over-blog.com
713,Jaimie,Fishbourn,jfishbournjs@sun.com
714,Jillie,Skitral,jskitraljt@hugedomains.com
715,Miguelita,Mauchline,mmauchlineju@guardian.co.uk
716,Mada,Iacomo,miacomojv@yale.edu
717,Marchelle,Durtnal,mdurtnaljw@plala.or.jp
718,Lori,Inchley,linchleyjx@qq.com
719,Nikki,Howett,nhowettjy@google.fr
720,Yvette,Hubane,yhubanejz@cam.ac.uk
721,Noellyn,Pisculli,npiscullik0@rambler.ru
722,Tallie,Tumioto,ttumiotok1@geocities.com
723,Rock,Baselio,rbaseliok2@hud.gov
724,Shell,Blose,sblosek3@usnews.com
725,Richardo,Mulrean,rmulreank4@oakley.com
726,Bili,MacKniely,bmacknielyk5@unblog.fr
727,Ilario,Mignot,imignotk6@deliciousdays.com
728,Neda,Dougan,ndougank7@yale.edu
729,Elyssa,Dahle,edahlek8@diigo.com
730,Ricard,Reame,rreamek9@newyorker.com
731,Carry,Couttes,ccoutteska@360.cn
732,Denys,Sanbroke,dsanbrokekb@flavors.me
733,Justus,Pasmore,jpasmorekc@cisco.com
734,Eolande,McIvor,emcivorkd@topsy.com
735,Bondon,Dibbin,bdibbinke@hostgator.com
736,Averill,Cruwys,acruwyskf@scribd.com
737,Hugo,Trevers,htreverskg@aboutads.info
738,Paola,Galpen,pgalpenkh@time.com
739,Corinne,Cornejo,ccornejoki@soundcloud.com
740,Laryssa,Dodgson,ldodgsonkj@whitehouse.gov
741,Damon,Merton,dmertonkk@blogs.com
742,Patti,Seabon,pseabonkl@fda.gov
743,Olvan,Daglish,odaglishkm@printfriendly.com
744,Elfreda,Beams,ebeamskn@yolasite.com
745,Davina,Denkin,ddenkinko@histats.com
746,Talyah,Dell 'Orto,tdellortokp@sbwire.com
747,Corey,Gaywood,cgaywoodkq@ox.ac.uk
748,Kristy,Bernaert,kbernaertkr@phoca.cz
749,Madelina,Derges,mdergesks@bloglines.com
750,Cullin,Maven,cmavenkt@ucsd.edu
751,Aldin,Portingale,aportingaleku@seesaa.net
752,Angelle,Klosges,aklosgeskv@miitbeian.gov.cn
753,Sarine,Castana,scastanakw@gov.uk
754,Jade,Eakin,jeakinkx@smh.com.au
755,Peggy,Pridding,ppriddingky@slashdot.org
756,Audrie,Whinray,awhinraykz@imgur.com
757,Standford,Bercevelo,sbercevelol0@un.org
758,Yance,Vigurs,yvigursl1@eepurl.com
759,Ellynn,Balls,eballsl2@sphinn.com
760,Ephrem,Beveridge,ebeveridgel3@edublogs.org
761,Ivette,Beamish,ibeamishl4@mlb.com
762,Hew,Dober,hdoberl5@freewebs.com
763,Arnold,Abley,aableyl6@wunderground.com
764,Mirabel,Croix,mcroixl7@bloglines.com
765,Krystle,Malden,kmaldenl8@baidu.com
766,Cordey,Stavers,cstaversl9@gmpg.org
767,Taddeusz,Asif,tasifla@t.co
768,Nicolette,Lempke,nlempkelb@tuttocitta.it
769,Abram,Augur,aaugurlc@wired.com
770,Bordy,Verdon,bverdonld@slashdot.org
771,Rob,Ambrogini,rambroginile@umn.edu
772,Frankie,Konzel,fkonzellf@squidoo.com
773,Derron,Brass,dbrasslg@cargocollective.com
774,Tracee,Kilty,tkiltylh@earthlink.net
775,Dar,Malsher,dmalsherli@sohu.com
776,Ronica,Inott,rinottlj@sogou.com
777,Richy,Joannic,rjoanniclk@tmall.com
778,Noella,Beed,nbeedll@accuweather.com
779,Cori,Hollyland,chollylandlm@hao123.com
780,Alia,Simonson,asimonsonln@yale.edu
781,Elmer,Castan,ecastanlo@rakuten.co.jp
782,Alla,Brownbill,abrownbilllp@jigsy.com
783,Ardeen,Dickerline,adickerlinelq@hao123.com
784,Larina,Woodrough,lwoodroughlr@pinterest.com
785,Emmerich,Blythin,eblythinls@wired.com
786,Weber,Gonin,wgoninlt@list-manage.com
787,Pietrek,Mathieu,pmathieulu@home.pl
788,Kattie,Basire,kbasirelv@ning.com
789,Nicol,Ulster,nulsterlw@paginegialle.it
790,Jillie,Hogben,jhogbenlx@feedburner.com
791,Cari,Boydon,cboydonly@mediafire.com
792,Hendrika,Colson,hcolsonlz@geocities.jp
793,Karyn,O'Bradane,kobradanem0@nytimes.com
794,Joanie,Livingstone,jlivingstonem1@gmpg.org
795,Kiersten,Whitmore,kwhitmorem2@usa.gov
796,Brice,Koop,bkoopm3@pinterest.com
797,Julina,Gaylard,jgaylardm4@github.io
798,Cristian,Whitley,cwhitleym5@cloudflare.com
799,Belle,MacSweeney,bmacsweeneym6@domainmarket.com
800,Nadeen,Sarvar,nsarvarm7@unc.edu
801,Davis,Jacobi,djacobim8@wix.com
802,Lita,Raubenheimers,lraubenheimersm9@mtv.com
803,Gayelord,Leake,gleakema@wordpress.org
804,Denyse,Catterill,dcatterillmb@cam.ac.uk
805,Lorrin,Richmont,lrichmontmc@blogspot.com
806,Aime,Vance,avancemd@reddit.com
807,Genna,Aberdalgy,gaberdalgyme@dedecms.com
808,Erie,Prue,epruemf@yolasite.com
809,Sherwood,Owbrick,sowbrickmg@ox.ac.uk
810,Sybil,Ferrey,sferreymh@people.com.cn
811,Rosabel,Purveys,rpurveysmi@shop-pro.jp
812,Krisha,Emmins,kemminsmj@businessinsider.com
813,Joaquin,Trevan,jtrevanmk@ebay.com
814,Josiah,Wagstaffe,jwagstaffeml@163.com
815,Haley,Sember,hsembermm@miitbeian.gov.cn
816,Rogers,Gearing,rgearingmn@networksolutions.com
817,Casar,Von Gladbach,cvongladbachmo@cisco.com
818,Maryanna,Girkins,mgirkinsmp@wikimedia.org
819,Hayden,Adolfson,hadolfsonmq@google.fr
820,Salomone,Le-Good,slegoodmr@gmpg.org
821,Philippa,Bigham,pbighamms@whitehouse.gov
822,Verna,David,vdavidmt@reverbnation.com
823,Freeman,Tesyro,ftesyromu@craigslist.org
824,Helene,Coldwell,hcoldwellmv@army.mil
825,Philis,Halburton,phalburtonmw@whitehouse.gov
826,Betsey,Fowlestone,bfowlestonemx@upenn.edu
827,Doloritas,Braxton,dbraxtonmy@cnbc.com
828,Shepherd,Pouton,spoutonmz@opensource.org
829,Gill,Hoofe,ghoofen0@ow.ly
830,Caitlin,Flacke,cflacken1@accuweather.com
831,Shannah,Pozzo,spozzon2@acquirethisname.com
832,Vanna,Charge,vchargen3@instagram.com
833,Godfry,Belvard,gbelvardn4@jiathis.com
834,Barthel,Lefort,blefortn5@blogs.com
835,Giulia,Sandiland,gsandilandn6@merriam-webster.com
836,Evvie,Ellsom,eellsomn7@ebay.com
837,Pip,Cahen,pcahenn8@accuweather.com
838,Tisha,Denisot,tdenisotn9@yandex.ru
839,Casper,Petrolli,cpetrollina@harvard.edu
840,Felike,Tossell,ftossellnb@ucsd.edu
841,Leesa,Ortsmann,lortsmannnc@issuu.com
842,Lindi,Worsnip,lworsnipnd@latimes.com
843,Amelita,Wyard,awyardne@de.vu
844,Consalve,Akett,cakettnf@shutterfly.com
845,Lothario,Durdan,ldurdanng@answers.com
846,Wells,Zavattero,wzavatteronh@bravesites.com
847,Francisco,Aldred,faldredni@cam.ac.uk
848,Zia,Goreisr,zgoreisrnj@so-net.ne.jp
849,Elinore,Beales,ebealesnk@fema.gov
850,Alleyn,Dismore,adismorenl@printfriendly.com
851,Brendis,Frankcom,bfrankcomnm@netvibes.com
852,Gloriana,Brumbye,gbrumbyenn@si.edu
853,Bax,Soggee,bsoggeeno@mysql.com
854,Sigismondo,Winyard,swinyardnp@theguardian.com
855,Isis,Lapish,ilapishnq@yahoo.com
856,Vincent,D'Almeida,vdalmeidanr@wunderground.com
857,Ricki,Ryan,rryanns@marketwatch.com
858,Kermy,MacAvaddy,kmacavaddynt@baidu.com
859,Joycelin,Readshall,jreadshallnu@php.net
860,Christoph,Luard,cluardnv@china.com.cn
861,Even,Bitchener,ebitchenernw@house.gov
862,Charmain,Minget,cmingetnx@latimes.com
863,Eolanda,Pithcock,epithcockny@indiatimes.com
864,Guinevere,Huyghe,ghuyghenz@instagram.com
865,Glenda,Signoret,gsignoreto0@webmd.com
866,Justinn,Hardwell,jhardwello1@shinystat.com
867,Rhodia,Rodgman,rrodgmano2@macromedia.com
868,Cyndy,Brimming,cbrimmingo3@telegraph.co.uk
869,Ronni,Jaffa,rjaffao4@angelfire.com
870,Daffi,Pelham,dpelhamo5@wordpress.com
871,Aubrey,Reiners,areinerso6@163.com
872,Kala,Tasker,ktaskero7@digg.com
873,Moishe,Pheasant,mpheasanto8@sohu.com
874,Fredric,Kose,fkoseo9@alexa.com
875,Obadiah,Krzysztof,okrzysztofoa@dell.com
876,Tish,Guiett,tguiettob@gnu.org
877,Boyce,Verrick,bverrickoc@domainmarket.com
878,Scottie,Trinder,strinderod@umn.edu
879,Valma,Speers,vspeersoe@discovery.com
880,Cammy,Merrgan,cmerrganof@google.com.hk
881,Theresita,Mendes,tmendesog@ifeng.com
882,Godfry,Minmagh,gminmaghoh@i2i.jp
883,Colver,Booley,cbooleyoi@pcworld.com
884,Leah,Ewings,lewingsoj@meetup.com
885,Leland,Munkton,lmunktonok@networkadvertising.org
886,Daune,Focke,dfockeol@ehow.com
887,Tailor,Hefford,theffordom@goo.ne.jp
888,Tate,Fabb,tfabbon@cnbc.com
889,Renault,Utley,rutleyoo@google.pl
890,Nico,Verbrugghen,nverbrugghenop@umn.edu
891,Verne,Weiner,vweineroq@bizjournals.com
892,Dusty,Gadd,dgaddor@geocities.com
893,Myrta,Joselovitch,mjoselovitchos@bravesites.com
894,Quinn,How,qhowot@fema.gov
895,Orv,Iwanczyk,oiwanczykou@telegraph.co.uk
896,Matthieu,Ravenscraft,mravenscraftov@example.com
897,Annabelle,Corragan,acorraganow@sakura.ne.jp
898,Isabelle,Legate,ilegateox@domainmarket.com
899,Haley,Farfoot,hfarfootoy@infoseek.co.jp
900,Maggie,Fennell,mfennelloz@auda.org.au
901,Burton,Surmon,bsurmonp0@ezinearticles.com
902,Nickolai,Adanez,nadanezp1@msn.com
903,Aguste,Hansom,ahansomp2@archive.org
904,Isabella,Verillo,iverillop3@cisco.com
905,Bernadette,Linggood,blinggoodp4@tuttocitta.it
906,Paula,Landal,plandalp5@vistaprint.com
907,Hedvig,Laidlaw,hlaidlawp6@ca.gov
908,Corabel,Basnall,cbasnallp7@digg.com
909,Purcell,Sharratt,psharrattp8@prweb.com
910,Gideon,Quarrell,gquarrellp9@weebly.com
911,Svend,Dalrymple,sdalrymplepa@indiegogo.com
912,Muhammad,Vandenhoff,mvandenhoffpb@google.fr
913,Holly-anne,Blais,hblaispc@taobao.com
914,Hank,Slany,hslanypd@de.vu
915,Lethia,Foresight,lforesightpe@chicagotribune.com
916,Felicia,Wrefford,fwreffordpf@t.co
917,Paige,Woodthorpe,pwoodthorpepg@globo.com
918,Quinta,Yanele,qyaneleph@netvibes.com
919,Arnoldo,Caddock,acaddockpi@weebly.com
920,Raoul,Bradnick,rbradnickpj@netscape.com
921,Sherlocke,Cuerda,scuerdapk@storify.com
922,Myrta,Secretan,msecretanpl@ycombinator.com
923,Daryle,O'Mullally,domullallypm@mayoclinic.com
924,Dedra,Stegers,dstegerspn@zimbio.com
925,Reyna,Rydeard,rrydeardpo@discuz.net
926,Ester,Wearne,ewearnepp@newsvine.com
927,Edsel,Goodding,egooddingpq@europa.eu
928,Bentley,Murtell,bmurtellpr@themeforest.net
929,Selma,Dungey,sdungeyps@admin.ch
930,Ely,Greve,egrevept@infoseek.co.jp
931,Hope,Brannon,hbrannonpu@uiuc.edu
932,Madalena,Sired,msiredpv@ihg.com
933,Storm,Caulwell,scaulwellpw@google.ca
934,Husein,Raynes,hraynespx@quantcast.com
935,Geri,Chasmoor,gchasmoorpy@ca.gov
936,Armand,Clemendot,aclemendotpz@wikia.com
937,Leif,McCurtin,lmccurtinq0@amazonaws.com
938,Gibbie,Hele,gheleq1@nymag.com
939,Gregor,Eates,geatesq2@si.edu
940,Guglielmo,Minchinton,gminchintonq3@sun.com
941,Keely,Josskowitz,kjosskowitzq4@wix.com
942,Joana,Whyke,jwhykeq5@prnewswire.com
943,Sheridan,Kippins,skippinsq6@cbsnews.com
944,Chrissy,Keesman,ckeesmanq7@instagram.com
945,Burtie,Sesser,bsesserq8@joomla.org
946,Carie,Sackur,csackurq9@drupal.org
947,Sybila,Pritchitt,spritchittqa@lulu.com
948,Katha,Schruyers,kschruyersqb@eepurl.com
949,Bailey,Goodinson,bgoodinsonqc@about.com
950,Salem,Gaskill,sgaskillqd@google.co.uk
951,Aleksandr,Crafter,acrafterqe@bluehost.com
952,Sabrina,Dedmam,sdedmamqf@ucla.edu
953,Sonnie,Waywell,swaywellqg@bbc.co.uk
954,Jeanne,Grandison,jgrandisonqh@yale.edu
955,Ave,Prebble,aprebbleqi@hibu.com
956,Berty,Winder,bwinderqj@list-manage.com
957,Anallese,Cleare,acleareqk@cbslocal.com
958,Ryun,Berkley,rberkleyql@github.io
959,Tasia,Flory,tfloryqm@discuz.net
960,Sterling,Caulton,scaultonqn@livejournal.com
961,Renaud,Avrahamian,ravrahamianqo@quantcast.com
962,Seward,Linay,slinayqp@dedecms.com
963,Husain,Veld,hveldqq@tinyurl.com
964,Chan,Rubinchik,crubinchikqr@e-recht24.de
965,Doralyn,Delgaty,ddelgatyqs@gravatar.com
966,Reinhold,Arnau,rarnauqt@mozilla.org
967,Joe,Pellitt,jpellittqu@ovh.net
968,Kelbee,Rosenthaler,krosenthalerqv@uiuc.edu
969,Karney,Sparkwill,ksparkwillqw@msn.com
970,Ammamaria,Osichev,aosichevqx@posterous.com
971,Yettie,Caillou,ycaillouqy@weibo.com
972,Travus,Webermann,twebermannqz@usda.gov
973,Falito,Ouldred,fouldredr0@shop-pro.jp
974,Philippe,Lintall,plintallr1@feedburner.com
975,Korella,Prydie,kprydier2@ycombinator.com
976,Kettie,Sherebrook,ksherebrookr3@nytimes.com
977,Mayne,Chesters,mchestersr4@bluehost.com
978,Winny,Folkard,wfolkardr5@odnoklassniki.ru
979,Joey,Biffin,jbiffinr6@ox.ac.uk
980,Lilian,Chancellor,lchancellorr7@usda.gov
981,Goldie,Sackes,gsackesr8@psu.edu
982,Forster,Folker,ffolkerr9@php.net
983,Hugh,Brilleman,hbrillemanra@princeton.edu
984,Mose,Askwith,maskwithrb@businessweek.com
985,Dagmar,Sevitt,dsevittrc@sina.com.cn
986,Loria,Spellman,lspellmanrd@google.co.jp
987,Germaine,Bresland,gbreslandre@networksolutions.com
988,Norton,Fairbank,nfairbankrf@umich.edu
989,Rustin,Shury,rshuryrg@microsoft.com
990,Cherida,Gealy,cgealyrh@webmd.com
991,Barth,Embling,bemblingri@craigslist.org
992,Bree,McIllrick,bmcillrickrj@pen.io
993,Mandy,Boddis,mboddisrk@istockphoto.com
994,Evelina,Nerval,enervalrl@sitemeter.com
995,Alisha,Bortolazzi,abortolazzirm@bluehost.com
996,Marlo,Heppenspall,mheppenspallrn@google.de
997,Abelard,Guerrin,aguerrinro@stumbleupon.com
998,Selig,Deniseau,sdeniseaurp@hugedomains.com
999,Stanwood,Wavish,swavishrq@sbwire.com
1000,Normand,Do,ndorr@jiathis.com
